veh-1,Van Brake Inspection,2024-12-06,365
veh-2,Bike Wheel Alignment,2023-06-01,90
veh-3,Truck Air Filter Replacement,2024-11-21,30
veh-4,Car Fuel System Cleaning,2024-04-09,60
veh-5,Van Wheel Alignment,2024-04-22,60
veh-6,Bus Wheel Alignment,2023-11-21,180
veh-7,Car Coolant Flush,2025-09-17,120
veh-8,Truck Fuel System Cleaning,2023-11-26,120
veh-9,Bus Suspension Check,2023-09-24,60
veh-10,Scooter Brake Inspection,2023-07-12,60
veh-11,Scooter Air Filter Replacement,2024-11-09,180
veh-12,Bus Transmission Service,2024-01-31,120
veh-13,Bus Tire Rotation,2024-02-09,90
veh-14,Car Tire Rotation,2024-12-26,365
veh-15,Car Suspension Check,2025-10-13,90
veh-16,Car Air Filter Replacement,2023-10-30,60
veh-17,Bike Tire Rotation,2023-10-26,365
veh-18,Bike Battery Check,2024-03-14,180
veh-19,Car Oil Change,2024-03-21,120
veh-20,Bike Suspension Check,2023-11-21,30
veh-21,Truck Oil Change,2023-04-22,30
veh-22,Van Fuel System Cleaning,2024-08-03,90
veh-23,Truck Brake Inspection,2023-12-14,180
veh-24,Bus Wheel Alignment,2024-11-04,180
veh-25,Bike Suspension Check,2024-03-30,30
veh-26,Car Suspension Check,2024-05-13,365
veh-27,Car Coolant Flush,2023-05-24,365
veh-28,Scooter Battery Check,2024-05-05,365
veh-29,Bike Wheel Alignment,2023-03-22,60
veh-30,Car Tire Rotation,2023-06-02,60
veh-31,Van Battery Check,2025-02-19,30
veh-32,Bike Oil Change,2025-08-14,365
veh-33,Bike Brake Inspection,2024-11-11,180
veh-34,Bus Tire Rotation,2023-02-15,365
veh-35,Truck Suspension Check,2024-02-25,180
veh-36,Bike Transmission Service,2025-03-04,365
veh-37,Bus Air Filter Replacement,2024-09-28,30
veh-38,Scooter Air Filter Replacement,2025-05-22,120
veh-39,Car Oil Change,2025-01-21,60
veh-40,Car Tire Rotation,2023-05-17,60
veh-41,Bus Air Filter Replacement,2023-08-05,365
veh-42,Car Suspension Check,2023-07-24,90
veh-43,Van Fuel System Cleaning,2025-08-05,30
veh-44,Bus Transmission Service,2025-09-19,365
veh-45,Car Air Filter Replacement,2025-09-12,30
veh-46,Van Oil Change,2023-12-25,365
veh-47,Truck Wheel Alignment,2025-06-22,180
veh-48,Bike Suspension Check,2024-12-16,120
veh-49,Truck Fuel System Cleaning,2023-05-29,365
veh-50,Scooter Oil Change,2023-12-22,180
veh-51,Scooter Wheel Alignment,2025-08-18,180
veh-52,Scooter Air Filter Replacement,2024-02-11,120
veh-53,Bus Coolant Flush,2024-01-19,365
veh-54,Van Coolant Flush,2024-08-07,30
veh-55,Bike Brake Inspection,2024-04-24,90
veh-56,Bike Oil Change,2024-06-19,365
veh-57,Truck Wheel Alignment,2023-06-12,90
veh-58,Car Air Filter Replacement,2023-12-09,365
veh-59,Bus Transmission Service,2024-07-10,365
veh-60,Truck Air Filter Replacement,2025-02-07,30
veh-61,Truck Air Filter Replacement,2023-02-18,30
veh-62,Scooter Coolant Flush,2023-08-31,180
veh-63,Scooter Coolant Flush,2024-04-04,30
veh-64,Scooter Transmission Service,2023-02-16,365
veh-65,Scooter Suspension Check,2023-05-17,90
veh-66,Car Coolant Flush,2025-10-21,60
veh-67,Car Brake Inspection,2025-06-14,30
veh-68,Truck Fuel System Cleaning,2023-02-12,365
veh-69,Bus Brake Inspection,2023-12-21,120
veh-70,Bike Suspension Check,2024-03-14,365
veh-71,Bike Wheel Alignment,2023-01-15,60
veh-72,Truck Wheel Alignment,2024-08-02,60
veh-73,Bus Oil Change,2024-01-06,60
veh-74,Scooter Wheel Alignment,2025-07-22,180
veh-75,Bus Wheel Alignment,2023-04-04,60
veh-76,Bike Battery Check,2023-11-12,90
veh-77,Van Wheel Alignment,2024-06-12,180
veh-78,Car Oil Change,2023-07-09,120
veh-79,Bus Transmission Service,2025-06-22,90
veh-80,Scooter Brake Inspection,2023-09-08,365
veh-81,Van Transmission Service,2024-01-24,60
veh-82,Truck Oil Change,2025-10-16,60
veh-83,Car Air Filter Replacement,2023-11-01,120
veh-84,Van Suspension Check,2024-03-29,30
veh-85,Scooter Brake Inspection,2024-11-05,60
veh-86,Van Suspension Check,2025-07-24,120
veh-87,Bike Air Filter Replacement,2025-06-08,90
veh-88,Bus Tire Rotation,2023-07-26,180
veh-89,Car Suspension Check,2025-08-30,365
veh-90,Bus Brake Inspection,2024-04-07,90
veh-91,Car Oil Change,2023-06-23,120
veh-92,Van Oil Change,2023-04-11,365
veh-93,Scooter Tire Rotation,2023-06-04,90
veh-94,Bus Wheel Alignment,2024-06-11,30
veh-95,Bus Tire Rotation,2023-03-31,90
veh-96,Car Battery Check,2023-12-23,365
veh-97,Scooter Fuel System Cleaning,2023-12-27,90
veh-98,Car Battery Check,2024-09-07,90
veh-99,Bus Battery Check,2025-05-11,90
veh-100,Bike Suspension Check,2023-11-22,180
veh-101,Scooter Coolant Flush,2023-01-04,120
veh-102,Van Suspension Check,2025-02-22,120
veh-103,Truck Coolant Flush,2024-12-16,60
veh-104,Scooter Coolant Flush,2024-09-30,60
veh-105,Car Wheel Alignment,2024-12-21,365
veh-106,Bus Oil Change,2023-03-11,60
veh-107,Truck Battery Check,2023-07-31,180
veh-108,Bus Brake Inspection,2024-09-07,365
veh-109,Bus Suspension Check,2023-09-11,120
veh-110,Car Fuel System Cleaning,2025-04-04,365
veh-111,Bus Tire Rotation,2025-08-27,180
veh-112,Truck Tire Rotation,2024-12-04,90
veh-113,Van Brake Inspection,2025-09-04,120
veh-114,Bike Tire Rotation,2024-10-19,365
veh-115,Truck Transmission Service,2025-01-13,90
veh-116,Bus Air Filter Replacement,2025-06-11,180
veh-117,Car Suspension Check,2024-04-26,120
veh-118,Van Coolant Flush,2023-12-26,60
veh-119,Scooter Fuel System Cleaning,2025-04-02,60
veh-120,Car Air Filter Replacement,2023-10-05,120
veh-121,Car Air Filter Replacement,2024-05-27,180
veh-122,Van Wheel Alignment,2024-04-18,180
veh-123,Scooter Suspension Check,2023-03-15,60
veh-124,Bus Brake Inspection,2025-07-18,180
veh-125,Van Suspension Check,2024-10-20,120
veh-126,Car Suspension Check,2025-05-15,30
veh-127,Van Brake Inspection,2023-02-27,30
veh-128,Scooter Battery Check,2025-01-04,120
veh-129,Bus Suspension Check,2023-08-21,30
veh-130,Bike Coolant Flush,2024-07-26,120
veh-131,Truck Oil Change,2024-01-07,60
veh-132,Truck Wheel Alignment,2025-09-13,60
veh-133,Scooter Coolant Flush,2024-01-11,180
veh-134,Truck Transmission Service,2023-04-21,365
veh-135,Scooter Tire Rotation,2023-02-04,120
veh-136,Car Tire Rotation,2025-03-22,120
veh-137,Bike Brake Inspection,2025-08-28,365
veh-138,Bus Wheel Alignment,2023-02-06,30
veh-139,Truck Battery Check,2024-06-26,180
veh-140,Car Fuel System Cleaning,2025-03-16,365
veh-141,Truck Fuel System Cleaning,2024-01-29,180
veh-142,Bus Air Filter Replacement,2023-09-14,365
veh-143,Bus Tire Rotation,2024-03-02,60
veh-144,Car Suspension Check,2024-04-04,120
veh-145,Car Fuel System Cleaning,2025-07-09,90
veh-146,Bus Oil Change,2024-06-30,120
veh-147,Scooter Air Filter Replacement,2024-12-24,30
veh-148,Truck Oil Change,2024-07-01,90
veh-149,Scooter Transmission Service,2025-06-07,120
veh-150,Car Coolant Flush,2024-04-27,180
veh-151,Van Wheel Alignment,2024-11-18,180
veh-152,Car Wheel Alignment,2024-05-14,120
veh-153,Car Oil Change,2024-01-18,180
veh-154,Bike Suspension Check,2023-07-25,180
veh-155,Truck Wheel Alignment,2024-08-29,90
veh-156,Bike Brake Inspection,2023-04-30,120
veh-157,Car Air Filter Replacement,2024-05-23,90
veh-158,Van Battery Check,2025-04-16,180
veh-159,Car Tire Rotation,2024-01-01,180
veh-160,Car Suspension Check,2023-09-30,90
veh-161,Scooter Oil Change,2025-09-19,30
veh-162,Bike Coolant Flush,2024-07-24,180
veh-163,Van Battery Check,2023-01-01,180
veh-164,Bus Brake Inspection,2024-09-09,60
veh-165,Truck Fuel System Cleaning,2025-03-22,120
veh-166,Truck Oil Change,2024-02-06,90
veh-167,Bike Oil Change,2025-02-15,30
veh-168,Scooter Fuel System Cleaning,2023-06-22,120
veh-169,Bike Oil Change,2025-09-08,90
veh-170,Car Battery Check,2025-08-18,365
veh-171,Bus Transmission Service,2023-05-18,90
veh-172,Bus Battery Check,2025-04-22,120
veh-173,Bus Oil Change,2024-11-28,90
veh-174,Van Battery Check,2023-07-31,90
veh-175,Bus Tire Rotation,2023-08-22,365
veh-176,Scooter Coolant Flush,2025-09-04,60
veh-177,Bus Battery Check,2025-10-28,365
veh-178,Scooter Brake Inspection,2023-05-14,30
veh-179,Truck Transmission Service,2025-05-01,60
veh-180,Scooter Air Filter Replacement,2024-11-28,120
veh-181,Car Wheel Alignment,2024-11-25,365
veh-182,Van Air Filter Replacement,2023-01-24,180
veh-183,Van Brake Inspection,2024-11-27,365
veh-184,Bike Air Filter Replacement,2024-08-14,90
veh-185,Scooter Fuel System Cleaning,2024-05-12,180
veh-186,Truck Wheel Alignment,2024-07-22,180
veh-187,Car Wheel Alignment,2023-01-26,180
veh-188,Truck Fuel System Cleaning,2023-01-15,60
veh-189,Scooter Wheel Alignment,2024-08-30,90
veh-190,Bike Tire Rotation,2024-07-15,60
veh-191,Scooter Suspension Check,2023-03-09,120
veh-192,Scooter Battery Check,2023-04-13,60
veh-193,Bike Coolant Flush,2024-04-14,90
veh-194,Bike Coolant Flush,2024-04-23,180
veh-195,Car Air Filter Replacement,2023-10-23,30
veh-196,Bus Coolant Flush,2023-11-17,120
veh-197,Bike Tire Rotation,2023-09-24,90
veh-198,Van Wheel Alignment,2025-03-30,90
veh-199,Bus Air Filter Replacement,2024-12-04,60
veh-200,Car Battery Check,2023-02-09,180
veh-201,Van Oil Change,2024-12-21,30
veh-202,Van Fuel System Cleaning,2025-01-30,90
veh-203,Van Brake Inspection,2024-03-25,30
veh-204,Truck Wheel Alignment,2023-02-10,180
veh-205,Scooter Battery Check,2024-07-04,90
veh-206,Van Brake Inspection,2024-07-30,30
veh-207,Truck Tire Rotation,2023-05-25,60
veh-208,Scooter Tire Rotation,2024-08-11,180
veh-209,Scooter Coolant Flush,2023-09-25,90
veh-210,Car Air Filter Replacement,2023-08-12,120
veh-211,Bus Coolant Flush,2025-05-29,180
veh-212,Van Wheel Alignment,2023-08-19,90
veh-213,Bus Air Filter Replacement,2024-02-20,60
veh-214,Scooter Battery Check,2025-03-10,120
veh-215,Car Brake Inspection,2024-11-08,30
veh-216,Scooter Wheel Alignment,2023-03-21,30
veh-217,Bus Oil Change,2023-06-24,30
veh-218,Scooter Fuel System Cleaning,2025-03-12,30
veh-219,Car Battery Check,2024-11-17,30
veh-220,Car Brake Inspection,2023-06-25,60
veh-221,Scooter Battery Check,2024-06-23,365
veh-222,Car Coolant Flush,2024-12-28,180
veh-223,Van Battery Check,2023-12-26,60
veh-224,Truck Fuel System Cleaning,2024-06-16,30
veh-225,Van Fuel System Cleaning,2024-12-22,30
veh-226,Bus Air Filter Replacement,2024-01-25,120
veh-227,Scooter Oil Change,2024-07-25,60
veh-228,Truck Suspension Check,2025-02-01,60
veh-229,Scooter Coolant Flush,2024-08-27,365
veh-230,Bus Oil Change,2025-01-27,90
veh-231,Van Air Filter Replacement,2025-08-08,120
veh-232,Van Battery Check,2023-04-08,90
veh-233,Bus Battery Check,2023-08-30,120
veh-234,Bike Tire Rotation,2023-08-02,180
veh-235,Van Oil Change,2024-01-01,90
veh-236,Car Wheel Alignment,2025-10-06,120
veh-237,Bike Coolant Flush,2023-09-09,90
veh-238,Bike Oil Change,2024-01-03,365
veh-239,Scooter Brake Inspection,2024-02-08,120
veh-240,Bike Wheel Alignment,2023-02-11,90
veh-241,Van Coolant Flush,2024-11-11,365
veh-242,Truck Tire Rotation,2024-06-26,90
veh-243,Bus Suspension Check,2024-09-23,60
veh-244,Truck Transmission Service,2024-12-26,120
veh-245,Truck Wheel Alignment,2024-10-18,180
veh-246,Scooter Oil Change,2025-05-01,120
veh-247,Bike Coolant Flush,2023-01-02,30
veh-248,Truck Transmission Service,2024-06-03,120
veh-249,Truck Tire Rotation,2023-07-24,90
veh-250,Truck Oil Change,2023-07-06,60
veh-251,Bike Brake Inspection,2024-06-11,365
veh-252,Bike Air Filter Replacement,2023-11-07,30
veh-253,Bus Oil Change,2025-01-22,365
veh-254,Bus Tire Rotation,2025-07-26,120
veh-255,Van Battery Check,2024-08-18,90
veh-256,Car Fuel System Cleaning,2024-08-17,90
veh-257,Car Tire Rotation,2025-10-19,365
veh-258,Bike Fuel System Cleaning,2025-09-25,30
veh-259,Truck Transmission Service,2023-04-18,120
veh-260,Scooter Oil Change,2023-01-03,30
veh-261,Scooter Air Filter Replacement,2023-08-14,365
veh-262,Bus Fuel System Cleaning,2024-03-03,180
veh-263,Car Wheel Alignment,2023-02-25,90
veh-264,Bus Suspension Check,2023-04-12,365
veh-265,Bus Wheel Alignment,2025-09-02,90
veh-266,Bike Battery Check,2023-02-07,365
veh-267,Car Battery Check,2025-05-19,180
veh-268,Car Oil Change,2024-08-04,365
veh-269,Bus Oil Change,2024-07-11,180
veh-270,Bus Fuel System Cleaning,2023-05-20,180
veh-271,Bike Wheel Alignment,2025-07-17,60
veh-272,Bus Battery Check,2023-11-13,90
veh-273,Bike Air Filter Replacement,2025-06-07,365
veh-274,Truck Brake Inspection,2025-03-14,30
veh-275,Bus Oil Change,2023-04-29,365
veh-276,Truck Suspension Check,2023-01-03,90
veh-277,Car Suspension Check,2024-10-03,60
veh-278,Bus Brake Inspection,2023-04-20,365
veh-279,Scooter Air Filter Replacement,2023-05-29,90
veh-280,Scooter Coolant Flush,2025-05-14,60
veh-281,Scooter Wheel Alignment,2023-09-22,120
veh-282,Van Tire Rotation,2023-08-14,30
veh-283,Bus Brake Inspection,2025-01-13,365
veh-284,Van Tire Rotation,2025-05-07,60
veh-285,Bus Brake Inspection,2023-05-20,90
veh-286,Van Brake Inspection,2024-03-31,90
veh-287,Truck Fuel System Cleaning,2025-10-16,120
veh-288,Bus Fuel System Cleaning,2024-01-03,30
veh-289,Van Air Filter Replacement,2023-10-19,60
veh-290,Car Brake Inspection,2024-09-13,120
veh-291,Bike Tire Rotation,2025-10-09,60
veh-292,Van Battery Check,2025-02-25,90
veh-293,Bike Fuel System Cleaning,2024-01-29,90
veh-294,Scooter Tire Rotation,2024-09-23,30
veh-295,Scooter Wheel Alignment,2023-06-02,365
veh-296,Car Air Filter Replacement,2024-01-16,60
veh-297,Scooter Oil Change,2024-02-06,180
veh-298,Truck Tire Rotation,2025-07-22,60
veh-299,Car Transmission Service,2023-05-28,30
veh-300,Bus Coolant Flush,2023-07-15,365
veh-301,Van Oil Change,2025-04-25,180
veh-302,Bus Wheel Alignment,2024-12-01,365
veh-303,Bike Tire Rotation,2023-07-25,365
veh-304,Truck Tire Rotation,2023-03-20,60
veh-305,Car Wheel Alignment,2025-03-31,90
veh-306,Scooter Wheel Alignment,2023-06-30,180
veh-307,Bike Suspension Check,2025-04-06,30
veh-308,Bus Suspension Check,2025-08-22,90
veh-309,Scooter Coolant Flush,2024-04-02,30
veh-310,Bike Brake Inspection,2025-10-12,365
veh-311,Scooter Suspension Check,2023-07-31,180
veh-312,Scooter Transmission Service,2025-03-03,60
veh-313,Van Wheel Alignment,2024-08-24,180
veh-314,Bus Fuel System Cleaning,2023-10-31,365
veh-315,Truck Tire Rotation,2023-09-27,30
veh-316,Van Battery Check,2023-02-13,120
veh-317,Scooter Fuel System Cleaning,2023-10-26,30
veh-318,Bike Fuel System Cleaning,2024-05-22,30
veh-319,Van Battery Check,2025-05-20,90
veh-320,Van Battery Check,2025-09-19,180
veh-321,Bike Oil Change,2025-04-10,90
veh-322,Car Battery Check,2023-11-10,120
veh-323,Scooter Fuel System Cleaning,2024-06-17,120
veh-324,Truck Coolant Flush,2024-08-23,30
veh-325,Truck Coolant Flush,2023-03-01,30
veh-326,Scooter Air Filter Replacement,2023-07-07,120
veh-327,Van Tire Rotation,2023-07-22,90
veh-328,Scooter Air Filter Replacement,2024-11-26,120
veh-329,Bus Battery Check,2025-10-10,365
veh-330,Bike Tire Rotation,2023-02-01,60
veh-331,Car Wheel Alignment,2023-03-02,90
veh-332,Car Oil Change,2024-04-20,180
veh-333,Bike Air Filter Replacement,2023-03-09,30
veh-334,Van Tire Rotation,2023-09-19,30
veh-335,Bus Brake Inspection,2023-09-02,120
veh-336,Bus Tire Rotation,2025-05-23,365
veh-337,Car Suspension Check,2023-12-25,365
veh-338,Truck Air Filter Replacement,2023-10-29,180
veh-339,Car Air Filter Replacement,2023-08-26,90
veh-340,Scooter Wheel Alignment,2023-02-11,60
veh-341,Car Air Filter Replacement,2024-12-29,180
veh-342,Scooter Transmission Service,2025-04-25,365
veh-343,Car Transmission Service,2024-07-13,90
veh-344,Van Wheel Alignment,2024-07-19,120
veh-345,Van Tire Rotation,2025-05-06,120
veh-346,Bus Tire Rotation,2023-10-24,180
veh-347,Truck Battery Check,2024-04-06,60
veh-348,Bus Transmission Service,2024-04-25,60
veh-349,Bus Brake Inspection,2024-04-05,365
veh-350,Bike Brake Inspection,2024-01-28,30
veh-351,Bus Suspension Check,2023-04-10,120
veh-352,Car Battery Check,2024-10-17,180
veh-353,Bike Brake Inspection,2025-05-29,90
veh-354,Scooter Coolant Flush,2023-06-08,365
veh-355,Van Suspension Check,2025-10-24,90
veh-356,Scooter Battery Check,2025-02-08,365
veh-357,Bike Wheel Alignment,2023-01-24,120
veh-358,Scooter Oil Change,2024-12-11,180
veh-359,Van Wheel Alignment,2025-01-10,90
veh-360,Bus Coolant Flush,2025-05-26,365
veh-361,Van Battery Check,2025-07-10,60
veh-362,Truck Tire Rotation,2024-10-26,60
veh-363,Truck Fuel System Cleaning,2024-02-21,30
veh-364,Bus Coolant Flush,2023-02-01,120
veh-365,Van Brake Inspection,2024-04-24,30
veh-366,Car Suspension Check,2023-07-27,90
veh-367,Bus Air Filter Replacement,2024-01-21,30
veh-368,Van Tire Rotation,2024-07-07,90
veh-369,Bike Oil Change,2023-05-26,30
veh-370,Bike Battery Check,2025-04-10,90
veh-371,Bike Battery Check,2024-06-02,90
veh-372,Car Wheel Alignment,2023-04-08,30
veh-373,Scooter Tire Rotation,2024-10-24,365
veh-374,Scooter Fuel System Cleaning,2024-01-16,180
veh-375,Van Fuel System Cleaning,2025-03-13,90
veh-376,Truck Fuel System Cleaning,2023-09-10,60
veh-377,Bike Oil Change,2024-10-09,120
veh-378,Truck Coolant Flush,2023-01-01,60
veh-379,Car Tire Rotation,2024-08-15,90
veh-380,Truck Air Filter Replacement,2025-02-02,60
veh-381,Car Air Filter Replacement,2023-12-11,365
veh-382,Car Brake Inspection,2024-05-13,180
veh-383,Car Transmission Service,2025-02-19,30
veh-384,Bus Suspension Check,2024-09-25,120
veh-385,Car Oil Change,2024-02-20,120
veh-386,Bike Suspension Check,2023-05-01,30
veh-387,Van Coolant Flush,2025-05-08,90
veh-388,Bus Battery Check,2024-05-11,60
veh-389,Car Coolant Flush,2024-10-16,120
veh-390,Scooter Tire Rotation,2024-06-14,30
veh-391,Van Fuel System Cleaning,2025-10-28,60
veh-392,Bus Air Filter Replacement,2025-08-02,180
veh-393,Scooter Brake Inspection,2025-09-27,120
veh-394,Car Fuel System Cleaning,2024-07-02,365
veh-395,Van Suspension Check,2023-12-02,30
veh-396,Truck Coolant Flush,2024-08-17,180
veh-397,Bus Fuel System Cleaning,2025-06-11,90
veh-398,Scooter Wheel Alignment,2023-04-19,365
veh-399,Van Transmission Service,2024-10-07,30
veh-400,Bus Brake Inspection,2025-10-04,365
veh-401,Truck Fuel System Cleaning,2024-09-26,60
veh-402,Van Battery Check,2025-06-19,90
veh-403,Bus Air Filter Replacement,2023-04-25,90
veh-404,Truck Transmission Service,2025-04-06,90
veh-405,Truck Tire Rotation,2023-06-26,30
veh-406,Van Air Filter Replacement,2024-04-25,365
veh-407,Van Wheel Alignment,2023-04-08,180
veh-408,Van Brake Inspection,2024-12-28,30
veh-409,Scooter Air Filter Replacement,2025-03-18,60
veh-410,Scooter Suspension Check,2023-04-09,30
veh-411,Bus Tire Rotation,2024-04-20,180
veh-412,Bus Wheel Alignment,2025-03-02,90
veh-413,Scooter Oil Change,2023-03-18,30
veh-414,Bike Tire Rotation,2024-02-01,180
veh-415,Bike Coolant Flush,2024-03-31,60
veh-416,Bike Transmission Service,2025-03-24,60
veh-417,Bike Tire Rotation,2025-05-28,90
veh-418,Scooter Wheel Alignment,2024-05-10,180
veh-419,Car Brake Inspection,2025-09-09,30
veh-420,Truck Air Filter Replacement,2024-06-24,120
veh-421,Scooter Oil Change,2025-02-16,60
veh-422,Bus Tire Rotation,2024-08-22,60
veh-423,Van Suspension Check,2025-08-29,180
veh-424,Bike Suspension Check,2024-08-07,365
veh-425,Car Fuel System Cleaning,2024-03-15,120
veh-426,Scooter Air Filter Replacement,2024-06-07,90
veh-427,Truck Air Filter Replacement,2023-09-26,120
veh-428,Scooter Brake Inspection,2025-10-18,90
veh-429,Truck Suspension Check,2023-02-28,365
veh-430,Bus Coolant Flush,2024-03-22,90
veh-431,Bus Coolant Flush,2023-02-13,365
veh-432,Truck Suspension Check,2024-06-16,90
veh-433,Van Fuel System Cleaning,2025-02-02,60
veh-434,Bike Wheel Alignment,2024-12-14,365
veh-435,Truck Tire Rotation,2024-02-09,120
veh-436,Bike Transmission Service,2025-06-07,120
veh-437,Van Suspension Check,2024-07-12,30
veh-438,Car Tire Rotation,2024-07-22,180
veh-439,Van Coolant Flush,2025-04-27,30
veh-440,Bike Brake Inspection,2025-09-04,365
veh-441,Van Transmission Service,2024-01-02,90
veh-442,Bus Transmission Service,2024-02-12,60
veh-443,Bus Air Filter Replacement,2023-12-22,120
veh-444,Bike Wheel Alignment,2023-07-01,120
veh-445,Truck Battery Check,2024-01-30,60
veh-446,Car Battery Check,2025-10-10,180
veh-447,Van Transmission Service,2025-06-06,90
veh-448,Van Transmission Service,2024-09-03,180
veh-449,Scooter Oil Change,2025-01-29,60
veh-450,Truck Brake Inspection,2024-12-07,365
veh-451,Car Coolant Flush,2023-04-21,60
veh-452,Scooter Wheel Alignment,2023-12-24,365
veh-453,Scooter Coolant Flush,2023-06-10,60
veh-454,Car Tire Rotation,2025-03-21,30
veh-455,Van Battery Check,2025-03-04,120
veh-456,Van Wheel Alignment,2023-06-12,30
veh-457,Bus Suspension Check,2023-02-14,60
veh-458,Bike Battery Check,2023-01-20,180
veh-459,Car Fuel System Cleaning,2025-05-23,365
veh-460,Bike Suspension Check,2024-03-17,30
veh-461,Truck Suspension Check,2025-07-14,180
veh-462,Van Wheel Alignment,2024-03-13,30
veh-463,Car Transmission Service,2025-04-17,60
veh-464,Van Wheel Alignment,2024-12-27,30
veh-465,Truck Brake Inspection,2024-12-01,180
veh-466,Scooter Suspension Check,2024-06-14,180
veh-467,Bike Air Filter Replacement,2023-04-04,60
veh-468,Bike Suspension Check,2023-02-05,90
veh-469,Scooter Wheel Alignment,2025-02-27,365
veh-470,Scooter Transmission Service,2024-02-04,120
veh-471,Scooter Air Filter Replacement,2023-08-08,30
veh-472,Bus Oil Change,2024-04-22,365
veh-473,Scooter Coolant Flush,2023-09-22,30
veh-474,Bus Air Filter Replacement,2025-07-11,90
veh-475,Truck Oil Change,2024-04-18,180
veh-476,Van Brake Inspection,2024-02-24,60
veh-477,Scooter Transmission Service,2023-04-27,365
veh-478,Truck Brake Inspection,2023-11-17,60
veh-479,Bus Brake Inspection,2025-06-17,30
veh-480,Truck Transmission Service,2024-07-09,60
veh-481,Truck Coolant Flush,2024-04-01,30
veh-482,Car Tire Rotation,2024-05-21,365
veh-483,Bike Fuel System Cleaning,2024-08-31,60
veh-484,Car Coolant Flush,2024-12-12,180
veh-485,Scooter Transmission Service,2024-02-19,30
veh-486,Truck Oil Change,2024-11-30,120
veh-487,Car Coolant Flush,2023-09-17,30
veh-488,Car Air Filter Replacement,2023-11-03,30
veh-489,Bike Transmission Service,2023-01-14,30
veh-490,Van Battery Check,2023-07-23,90
veh-491,Van Brake Inspection,2023-11-03,60
veh-492,Bus Wheel Alignment,2024-07-22,90
veh-493,Bike Tire Rotation,2023-11-29,365
veh-494,Bus Tire Rotation,2023-02-23,180
veh-495,Bike Fuel System Cleaning,2024-05-18,365
veh-496,Bus Wheel Alignment,2024-12-14,180
veh-497,Truck Oil Change,2024-08-16,60
veh-498,Van Coolant Flush,2024-08-14,120
veh-499,Bike Coolant Flush,2024-05-12,180
veh-500,Bike Tire Rotation,2023-04-28,60
veh-501,Truck Tire Rotation,2023-06-25,60
veh-502,Car Oil Change,2024-05-24,365
veh-503,Car Suspension Check,2024-11-06,90
veh-504,Bus Coolant Flush,2023-09-04,30
veh-505,Van Oil Change,2024-05-24,365
veh-506,Bus Tire Rotation,2024-10-30,30
veh-507,Bike Transmission Service,2024-04-08,180
veh-508,Scooter Wheel Alignment,2024-11-18,90
veh-509,Bus Air Filter Replacement,2025-03-26,120
veh-510,Bike Brake Inspection,2025-07-02,30
veh-511,Car Suspension Check,2023-11-28,365
veh-512,Scooter Wheel Alignment,2023-09-03,30
veh-513,Scooter Battery Check,2025-04-16,30
veh-514,Scooter Oil Change,2024-03-09,180
veh-515,Car Fuel System Cleaning,2023-05-09,60
veh-516,Van Transmission Service,2025-08-02,90
veh-517,Bike Suspension Check,2023-08-28,120
veh-518,Bus Coolant Flush,2024-09-03,60
veh-519,Bike Tire Rotation,2023-01-22,180
veh-520,Bus Oil Change,2023-02-06,365
veh-521,Car Suspension Check,2024-02-25,365
veh-522,Car Brake Inspection,2023-10-20,180
veh-523,Van Coolant Flush,2025-07-04,365
veh-524,Bus Tire Rotation,2024-01-14,90
veh-525,Bus Battery Check,2025-09-15,120
veh-526,Car Coolant Flush,2024-11-04,365
veh-527,Scooter Fuel System Cleaning,2024-02-10,30
veh-528,Bus Wheel Alignment,2025-07-01,180
veh-529,Car Air Filter Replacement,2024-04-15,120
veh-530,Scooter Fuel System Cleaning,2025-01-28,120
veh-531,Bike Tire Rotation,2023-03-05,180
veh-532,Truck Brake Inspection,2024-10-20,90
veh-533,Scooter Suspension Check,2024-11-28,30
veh-534,Truck Oil Change,2023-06-10,365
veh-535,Truck Transmission Service,2023-05-15,365
veh-536,Bike Tire Rotation,2025-02-01,30
veh-537,Car Fuel System Cleaning,2023-12-09,60
veh-538,Bus Wheel Alignment,2023-07-05,180
veh-539,Bus Wheel Alignment,2025-02-21,90
veh-540,Bus Tire Rotation,2024-10-23,365
veh-541,Van Oil Change,2025-06-01,365
veh-542,Van Coolant Flush,2023-05-20,90
veh-543,Truck Coolant Flush,2023-05-13,120
veh-544,Bus Battery Check,2024-03-03,180
veh-545,Truck Suspension Check,2025-09-15,365
veh-546,Van Suspension Check,2023-12-16,30
veh-547,Scooter Tire Rotation,2025-01-14,30
veh-548,Van Coolant Flush,2023-12-09,120
veh-549,Scooter Battery Check,2024-02-25,365
veh-550,Truck Coolant Flush,2025-10-27,60
veh-551,Bus Coolant Flush,2023-04-28,90
veh-552,Bike Tire Rotation,2024-04-04,30
veh-553,Bus Oil Change,2024-03-07,365
veh-554,Truck Battery Check,2024-12-31,365
veh-555,Van Transmission Service,2025-09-05,365
veh-556,Bus Battery Check,2024-10-04,30
veh-557,Car Suspension Check,2025-02-15,120
veh-558,Bike Oil Change,2023-05-10,90
veh-559,Van Oil Change,2024-02-15,30
veh-560,Car Air Filter Replacement,2023-10-14,365
veh-561,Van Transmission Service,2024-12-08,365
veh-562,Bike Oil Change,2025-07-24,180
veh-563,Truck Coolant Flush,2025-05-15,90
veh-564,Van Fuel System Cleaning,2023-03-11,120
veh-565,Scooter Fuel System Cleaning,2025-09-01,30
veh-566,Scooter Air Filter Replacement,2023-01-20,180
veh-567,Bus Air Filter Replacement,2024-01-11,120
veh-568,Bus Wheel Alignment,2025-01-26,90
veh-569,Bike Oil Change,2024-04-02,180
veh-570,Car Air Filter Replacement,2025-09-29,30
veh-571,Van Air Filter Replacement,2023-10-29,30
veh-572,Bus Air Filter Replacement,2024-06-24,365
veh-573,Truck Air Filter Replacement,2023-10-18,90
veh-574,Scooter Suspension Check,2024-05-14,365
veh-575,Truck Suspension Check,2024-05-06,30
veh-576,Car Brake Inspection,2024-11-26,180
veh-577,Bus Wheel Alignment,2025-10-07,60
veh-578,Truck Coolant Flush,2024-05-29,120
veh-579,Bus Wheel Alignment,2025-08-22,30
veh-580,Bus Transmission Service,2024-12-31,60
veh-581,Bus Air Filter Replacement,2023-06-18,30
veh-582,Truck Tire Rotation,2023-11-01,60
veh-583,Scooter Fuel System Cleaning,2025-08-09,180
veh-584,Scooter Suspension Check,2023-02-11,180
veh-585,Bus Tire Rotation,2023-12-24,365
veh-586,Van Battery Check,2025-04-07,30
veh-587,Scooter Battery Check,2025-06-16,120
veh-588,Bus Transmission Service,2024-03-29,30
veh-589,Truck Fuel System Cleaning,2024-04-09,60
veh-590,Scooter Suspension Check,2023-12-07,60
veh-591,Van Tire Rotation,2025-08-28,60
veh-592,Van Wheel Alignment,2023-07-03,120
veh-593,Scooter Suspension Check,2025-09-03,365
veh-594,Truck Coolant Flush,2024-02-19,60
veh-595,Bus Oil Change,2025-07-31,30
veh-596,Bus Coolant Flush,2023-12-19,365
veh-597,Bus Brake Inspection,2025-08-08,120
veh-598,Car Air Filter Replacement,2023-02-10,365
veh-599,Scooter Air Filter Replacement,2024-12-20,365
veh-600,Bike Battery Check,2025-06-27,365
